{"accuracy": [0.3243243098258972, 0.7027027010917664, 0.2432432472705841, 0.29729729890823364, 0.29729729890823364, 0.45945945382118225, 0.6756756901741028, 0.6756756901741028, 0.6756756901741028, 0.6756756901741028], "val_accuracy": [0.6548672318458557, 0.18584071099758148, 0.3362831771373749, 0.3451327383518219, 0.40707963705062866, 0.6283186078071594, 0.6283186078071594, 0.6283186078071594, 0.6548672318458557, 0.6548672318458557], "loss": [1.1650629043579102, 1.0725021362304688, 1.0350602865219116, 1.0107070207595825, 0.9745911359786987, 0.9355723261833191, 0.9090108275413513, 0.9013861417770386, 0.8813035488128662, 0.8538400530815125], "val_loss": [1.1091957092285156, 1.0424753427505493, 1.006544589996338, 0.9750604033470154, 0.9503586292266846, 0.9459162354469299, 0.9491540193557739, 0.9383681416511536, 0.9091952443122864, 0.8700469732284546]}