{"accuracy": [0.45945945382118225, 0.45945945382118225, 0.45945945382118225, 0.45945945382118225, 0.45945945382118225, 0.7027027010917664, 0.7297297120094299, 0.6756756901741028, 0.7837837934494019, 0.7837837934494019], "val_accuracy": [0.29203540086746216, 0.29203540086746216, 0.29203540086746216, 0.32743361592292786, 0.5929203629493713, 0.7256637215614319, 0.6991150379180908, 0.7964601516723633, 0.8053097128868103, 0.6637167930603027], "loss": [1.0680854320526123, 0.9697787165641785, 0.9564995765686035, 0.8753236532211304, 0.8217023611068726, 0.7846653461456299, 0.7496793866157532, 0.7080752849578857, 0.6772146224975586, 0.6382559537887573], "val_loss": [1.0715949535369873, 1.116286277770996, 1.0255194902420044, 0.9163467288017273, 0.8596165180206299, 0.8118918538093567, 0.7629228234291077, 0.7157321572303772, 0.6733704805374146, 0.6496624946594238]}