{"accuracy": [0.0, 0.0, 0.0, 0.0, 0.0810810774564743, 0.29729729890823364, 0.5405405163764954, 0.6486486196517944, 0.6486486196517944, 0.6486486196517944], "val_accuracy": [0.0, 0.0, 0.0, 0.05309734493494034, 0.3362831771373749, 0.6017699241638184, 0.6725663542747498, 0.6725663542747498, 0.6725663542747498, 0.6725663542747498], "loss": [2.9505362510681152, 2.6996281147003174, 2.46453857421875, 2.2419466972351074, 2.042672872543335, 1.8620758056640625, 1.6991221904754639, 1.5624372959136963, 1.44468355178833, 1.3460114002227783], "val_loss": [2.6983134746551514, 2.4620420932769775, 2.241143226623535, 2.0378618240356445, 1.8543727397918701, 1.6922476291656494, 1.5526474714279175, 1.4343410730361938, 1.334373950958252, 1.2501962184906006]}